{
  "ret": 1.3171209197251728,
  "image_size": {
    "width": 1920,
    "height": 1080
  },
  "camera_matrix": [
    [
      1082.1287229745396,
      0.0,
      943.2495336691334
    ],
    [
      0.0,
      1078.9676981922607,
      526.1770105801507
    ],
    [
      0.0,
      0.0,
      1.0
    ]
  ],
  "dist_coeffs": [
    [
      0.029121894557741626,
      -0.15507753881516237,
      0.002034002427560817,
      0.0006885937372020485,
      0.15163414612436163
    ]
  ],
  "fx": 1082.1287229745396,
  "fy": 1078.9676981922607,
  "board_cols": 9,
  "board_rows": 9,
  "square_size_m": 0.02
}